time_sec,timestamp,probability,whistle
0.25,0:00.25,0.4669,0
0.75,0:00.75,0.465,0
1.25,0:01.25,0.4679,0
1.75,0:01.75,0.47,0
2.25,0:02.25,0.4725,0
2.75,0:02.75,0.4669,0
3.25,0:03.25,0.4663,0
3.75,0:03.75,0.4679,0
4.25,0:04.25,0.4683,0
4.75,0:04.75,0.4689,0
5.25,0:05.25,0.467,0
5.75,0:05.75,0.4692,0
6.25,0:06.25,0.4667,0
6.75,0:06.75,0.467,0
7.25,0:07.25,0.4675,0
7.75,0:07.75,0.4666,0
8.25,0:08.25,0.4654,0
8.75,0:08.75,0.4637,0
9.25,0:09.25,0.4643,0
9.75,0:09.75,0.4663,0
10.25,0:10.25,0.4647,0
10.75,0:10.75,0.4658,0
11.25,0:11.25,0.464,0
11.75,0:11.75,0.465,0
12.25,0:12.25,0.4661,0
12.75,0:12.75,0.4662,0
13.25,0:13.25,0.4665,0
13.75,0:13.75,0.4644,0
14.25,0:14.25,0.4688,0
14.75,0:14.75,0.4699,0
15.25,0:15.25,0.4689,0
15.75,0:15.75,0.4694,0
16.25,0:16.25,0.4656,0
16.75,0:16.75,0.4684,0
17.25,0:17.25,0.4718,0
17.75,0:17.75,0.4709,0
18.25,0:18.25,0.4666,0
18.75,0:18.75,0.469,0
19.25,0:19.25,0.4675,0
19.75,0:19.75,0.4675,0
20.25,0:20.25,0.4666,0
20.75,0:20.75,0.4672,0
21.25,0:21.25,0.4683,0
21.75,0:21.75,0.4695,0
22.25,0:22.25,0.4697,0
22.75,0:22.75,0.4691,0
23.25,0:23.25,0.4678,0
23.75,0:23.75,0.4663,0
24.25,0:24.25,0.4661,0
24.75,0:24.75,0.4669,0
25.25,0:25.25,0.4661,0
25.75,0:25.75,0.4681,0
26.25,0:26.25,0.4677,0
26.75,0:26.75,0.4663,0
27.25,0:27.25,0.4685,0
27.75,0:27.75,0.4664,0
28.25,0:28.25,0.4673,0
28.75,0:28.75,0.4679,0
29.25,0:29.25,0.468,0
29.75,0:29.75,0.4679,0
30.25,0:30.25,0.4682,0
30.75,0:30.75,0.4685,0
31.25,0:31.25,0.4684,0
31.75,0:31.75,0.4687,0
32.25,0:32.25,0.4685,0
32.75,0:32.75,0.4694,0
33.25,0:33.25,0.4688,0
33.75,0:33.75,0.4644,0
34.25,0:34.25,0.4633,0
34.75,0:34.75,0.4658,0
35.25,0:35.25,0.4676,0
35.75,0:35.75,0.4662,0
36.25,0:36.25,0.4681,0
36.75,0:36.75,0.4675,0
37.25,0:37.25,0.4685,0
37.75,0:37.75,0.4692,0
38.25,0:38.25,0.4686,0
38.75,0:38.75,0.4697,0
39.25,0:39.25,0.4705,0
39.75,0:39.75,0.4692,0
40.25,0:40.25,0.467,0
40.75,0:40.75,0.4676,0
41.25,0:41.25,0.4676,0
41.75,0:41.75,0.4661,0
42.25,0:42.25,0.4646,0
42.75,0:42.75,0.4682,0
43.25,0:43.25,0.4684,0
43.75,0:43.75,0.4681,0
44.25,0:44.25,0.4694,0
44.75,0:44.75,0.4686,0
45.25,0:45.25,0.4677,0
45.75,0:45.75,0.4674,0
46.25,0:46.25,0.4686,0
46.75,0:46.75,0.4666,0
47.25,0:47.25,0.4646,0
47.75,0:47.75,0.4643,0
48.25,0:48.25,0.4669,0
48.75,0:48.75,0.4651,0
49.25,0:49.25,0.4662,0
49.75,0:49.75,0.4665,0
50.25,0:50.25,0.4686,0
50.75,0:50.75,0.4674,0
51.25,0:51.25,0.4676,0
51.75,0:51.75,0.4679,0
52.25,0:52.25,0.4676,0
52.75,0:52.75,0.4682,0
53.25,0:53.25,0.4685,0
53.75,0:53.75,0.4693,0
54.25,0:54.25,0.4704,0
54.75,0:54.75,0.4717,0
55.25,0:55.25,0.4668,0
55.75,0:55.75,0.4641,0
56.25,0:56.25,0.4624,0
56.75,0:56.75,0.4685,0
57.25,0:57.25,0.4671,0
57.75,0:57.75,0.4668,0
58.25,0:58.25,0.4671,0
58.75,0:58.75,0.4669,0
59.25,0:59.25,0.4665,0
59.75,0:59.75,0.466,0
60.25,1:00.25,0.4657,0
60.75,1:00.75,0.4644,0
61.25,1:01.25,0.4661,0
61.75,1:01.75,0.4664,0
62.25,1:02.25,0.4645,0
62.75,1:02.75,0.4653,0
63.25,1:03.25,0.4681,0
63.75,1:03.75,0.4687,0
64.25,1:04.25,0.4674,0
64.75,1:04.75,0.4668,0
65.25,1:05.25,0.4684,0
65.75,1:05.75,0.4695,0
66.25,1:06.25,0.4675,0
66.75,1:06.75,0.463,0
67.25,1:07.25,0.467,0
67.75,1:07.75,0.4706,0
68.25,1:08.25,0.4704,0
68.75,1:08.75,0.4674,0
69.25,1:09.25,0.4691,0
69.75,1:09.75,0.468,0
70.25,1:10.25,0.4701,0
70.75,1:10.75,0.4688,0
71.25,1:11.25,0.4687,0
71.75,1:11.75,0.4684,0
72.25,1:12.25,0.4702,0
72.75,1:12.75,0.4686,0
73.25,1:13.25,0.4656,0
73.75,1:13.75,0.4659,0
74.25,1:14.25,0.4643,0
74.75,1:14.75,0.4675,0
75.25,1:15.25,0.47,0
75.75,1:15.75,0.4664,0
76.25,1:16.25,0.4674,0
76.75,1:16.75,0.4688,0
77.25,1:17.25,0.4697,0
77.75,1:17.75,0.468,0
78.25,1:18.25,0.4685,0
78.75,1:18.75,0.4689,0
79.25,1:19.25,0.4675,0
79.75,1:19.75,0.4681,0
80.25,1:20.25,0.4712,0
80.75,1:20.75,0.4745,0
81.25,1:21.25,0.4735,0
81.75,1:21.75,0.4688,0
82.25,1:22.25,0.4676,0
82.75,1:22.75,0.4711,0
83.25,1:23.25,0.4702,0
83.75,1:23.75,0.4692,0
84.25,1:24.25,0.47,0
84.75,1:24.75,0.467,0
85.25,1:25.25,0.4654,0
85.75,1:25.75,0.4653,0
86.25,1:26.25,0.4707,0
86.75,1:26.75,0.4688,0
87.25,1:27.25,0.4668,0
87.75,1:27.75,0.4685,0
88.25,1:28.25,0.4683,0
88.75,1:28.75,0.4696,0
89.25,1:29.25,0.4702,0
89.75,1:29.75,0.4687,0
90.25,1:30.25,0.468,0
90.75,1:30.75,0.4672,0
91.25,1:31.25,0.4699,0
91.75,1:31.75,0.4711,0
92.25,1:32.25,0.4704,0
92.75,1:32.75,0.468,0
93.25,1:33.25,0.4695,0
93.75,1:33.75,0.4691,0
94.25,1:34.25,0.4684,0
94.75,1:34.75,0.469,0
95.25,1:35.25,0.4674,0
95.75,1:35.75,0.4699,0
96.25,1:36.25,0.4694,0
96.75,1:36.75,0.4707,0
97.25,1:37.25,0.4675,0
97.75,1:37.75,0.4677,0
98.25,1:38.25,0.4689,0
98.75,1:38.75,0.4689,0
99.25,1:39.25,0.4687,0
99.75,1:39.75,0.4701,0
100.25,1:40.25,0.4675,0
100.75,1:40.75,0.4656,0
101.25,1:41.25,0.4683,0
101.75,1:41.75,0.4703,0
102.25,1:42.25,0.4687,0
102.75,1:42.75,0.4678,0
103.25,1:43.25,0.4705,0
103.75,1:43.75,0.4678,0
104.25,1:44.25,0.4668,0
104.75,1:44.75,0.4692,0
105.25,1:45.25,0.4675,0
105.75,1:45.75,0.469,0
106.25,1:46.25,0.4689,0
106.75,1:46.75,0.4696,0
107.25,1:47.25,0.4691,0
107.75,1:47.75,0.4666,0
108.25,1:48.25,0.4691,0
108.75,1:48.75,0.4701,0
109.25,1:49.25,0.4694,0
109.75,1:49.75,0.4674,0
110.25,1:50.25,0.4697,0
110.75,1:50.75,0.4702,0
111.25,1:51.25,0.4696,0
111.75,1:51.75,0.469,0
112.25,1:52.25,0.4684,0
112.75,1:52.75,0.4666,0
113.25,1:53.25,0.4664,0
113.75,1:53.75,0.4676,0
114.25,1:54.25,0.4682,0
114.75,1:54.75,0.4671,0
115.25,1:55.25,0.4687,0
115.75,1:55.75,0.471,0
116.25,1:56.25,0.4716,0
116.75,1:56.75,0.4692,0
117.25,1:57.25,0.4683,0
117.75,1:57.75,0.4655,0
118.25,1:58.25,0.4664,0
118.75,1:58.75,0.4681,0
119.25,1:59.25,0.4671,0
119.75,1:59.75,0.4698,0
120.25,2:00.25,0.4685,0
120.75,2:00.75,0.4687,0
121.25,2:01.25,0.4676,0
121.75,2:01.75,0.4674,0
122.25,2:02.25,0.4669,0
122.75,2:02.75,0.4671,0
123.25,2:03.25,0.4665,0
123.75,2:03.75,0.4671,0
124.25,2:04.25,0.4689,0
124.75,2:04.75,0.4655,0
125.25,2:05.25,0.4658,0
125.75,2:05.75,0.4637,0
126.25,2:06.25,0.4638,0
126.75,2:06.75,0.4645,0
127.25,2:07.25,0.4681,0
127.75,2:07.75,0.4678,0
128.25,2:08.25,0.4688,0
128.75,2:08.75,0.4657,0
129.25,2:09.25,0.4635,0
129.75,2:09.75,0.4683,0
130.25,2:10.25,0.4696,0
130.75,2:10.75,0.4698,0
131.25,2:11.25,0.4674,0
131.75,2:11.75,0.4692,0
132.25,2:12.25,0.4692,0
132.75,2:12.75,0.4692,0
133.25,2:13.25,0.47,0
133.75,2:13.75,0.468,0
134.25,2:14.25,0.4678,0
134.75,2:14.75,0.4669,0
135.25,2:15.25,0.4682,0
135.75,2:15.75,0.4694,0
136.25,2:16.25,0.4677,0
136.75,2:16.75,0.4688,0
137.25,2:17.25,0.4692,0
137.75,2:17.75,0.4684,0
138.25,2:18.25,0.4694,0
138.75,2:18.75,0.4705,0
139.25,2:19.25,0.4692,0
139.75,2:19.75,0.4687,0
140.25,2:20.25,0.4684,0
140.75,2:20.75,0.4681,0
141.25,2:21.25,0.4689,0
141.75,2:21.75,0.4708,0
142.25,2:22.25,0.4711,0
142.75,2:22.75,0.4689,0
143.25,2:23.25,0.4693,0
143.75,2:23.75,0.4661,0
144.25,2:24.25,0.4651,0
144.75,2:24.75,0.4671,0
145.25,2:25.25,0.4698,0
145.75,2:25.75,0.4676,0
146.25,2:26.25,0.4691,0
146.75,2:26.75,0.4692,0
147.25,2:27.25,0.4693,0
147.75,2:27.75,0.4675,0
148.25,2:28.25,0.4684,0
148.75,2:28.75,0.4703,0
149.25,2:29.25,0.4685,0
149.75,2:29.75,0.4664,0
150.25,2:30.25,0.4676,0
150.75,2:30.75,0.4696,0
151.25,2:31.25,0.4716,0
151.75,2:31.75,0.4704,0
152.25,2:32.25,0.4689,0
152.75,2:32.75,0.4673,0
153.25,2:33.25,0.4666,0
153.75,2:33.75,0.4687,0
154.25,2:34.25,0.4677,0
154.75,2:34.75,0.4671,0
155.25,2:35.25,0.4682,0
155.75,2:35.75,0.4675,0
156.25,2:36.25,0.4666,0
156.75,2:36.75,0.4669,0
157.25,2:37.25,0.4675,0
157.75,2:37.75,0.4681,0
158.25,2:38.25,0.467,0
158.75,2:38.75,0.4674,0
159.25,2:39.25,0.4685,0
159.75,2:39.75,0.4689,0
160.25,2:40.25,0.4699,0
160.75,2:40.75,0.4697,0
161.25,2:41.25,0.4659,0
161.75,2:41.75,0.4655,0
162.25,2:42.25,0.4654,0
162.75,2:42.75,0.467,0
163.25,2:43.25,0.4661,0
163.75,2:43.75,0.4661,0
164.25,2:44.25,0.4693,0
164.75,2:44.75,0.4675,0
165.25,2:45.25,0.4655,0
165.75,2:45.75,0.4639,0
166.25,2:46.25,0.4689,0
166.75,2:46.75,0.4684,0
167.25,2:47.25,0.4666,0
167.75,2:47.75,0.4678,0
168.25,2:48.25,0.4682,0
168.75,2:48.75,0.4685,0
169.25,2:49.25,0.4662,0
169.75,2:49.75,0.4664,0
170.25,2:50.25,0.4671,0
170.75,2:50.75,0.4669,0
171.25,2:51.25,0.4673,0
171.75,2:51.75,0.464,0
172.25,2:52.25,0.4623,0
172.75,2:52.75,0.4654,0
173.25,2:53.25,0.4698,0
173.75,2:53.75,0.4656,0
174.25,2:54.25,0.4636,0
174.75,2:54.75,0.4669,0
175.25,2:55.25,0.4695,0
175.75,2:55.75,0.4672,0
176.25,2:56.25,0.4681,0
176.75,2:56.75,0.4667,0
177.25,2:57.25,0.4674,0
177.75,2:57.75,0.4679,0
178.25,2:58.25,0.4674,0
178.75,2:58.75,0.4644,0
179.25,2:59.25,0.4691,0
179.75,2:59.75,0.4692,0
180.25,3:00.25,0.4673,0
180.75,3:00.75,0.4689,0
181.25,3:01.25,0.4691,0
181.75,3:01.75,0.4684,0
182.25,3:02.25,0.4677,0
182.75,3:02.75,0.4667,0
183.25,3:03.25,0.4678,0
183.75,3:03.75,0.4712,0
184.25,3:04.25,0.4699,0
184.75,3:04.75,0.4679,0
185.25,3:05.25,0.4668,0
185.75,3:05.75,0.4682,0
186.25,3:06.25,0.4685,0
186.75,3:06.75,0.4688,0
187.25,3:07.25,0.4692,0
187.75,3:07.75,0.4681,0
188.25,3:08.25,0.4692,0
188.75,3:08.75,0.4695,0
189.25,3:09.25,0.4685,0
189.75,3:09.75,0.4685,0
190.25,3:10.25,0.4679,0
190.75,3:10.75,0.4681,0
191.25,3:11.25,0.4667,0
191.75,3:11.75,0.4675,0
192.25,3:12.25,0.4688,0
192.75,3:12.75,0.465,0
193.25,3:13.25,0.4676,0
193.75,3:13.75,0.4664,0
194.25,3:14.25,0.4688,0
194.75,3:14.75,0.4645,0
195.25,3:15.25,0.4649,0
195.75,3:15.75,0.4694,0
196.25,3:16.25,0.4703,0
196.75,3:16.75,0.4674,0
197.25,3:17.25,0.4682,0
197.75,3:17.75,0.4645,0
198.25,3:18.25,0.4665,0
198.75,3:18.75,0.4677,0
199.25,3:19.25,0.4663,0
199.75,3:19.75,0.4689,0
200.25,3:20.25,0.469,0
200.75,3:20.75,0.4679,0
201.25,3:21.25,0.4668,0
201.75,3:21.75,0.4674,0
202.25,3:22.25,0.4682,0
202.75,3:22.75,0.4679,0
203.25,3:23.25,0.4698,0
203.75,3:23.75,0.469,0
204.25,3:24.25,0.4669,0
204.75,3:24.75,0.4682,0
205.25,3:25.25,0.4674,0
205.75,3:25.75,0.4645,0
206.25,3:26.25,0.4651,0
206.75,3:26.75,0.4681,0
207.25,3:27.25,0.4664,0
207.75,3:27.75,0.4677,0
208.25,3:28.25,0.4705,0
208.75,3:28.75,0.4699,0
209.25,3:29.25,0.4657,0
209.75,3:29.75,0.4655,0
210.25,3:30.25,0.4687,0
210.75,3:30.75,0.471,0
211.25,3:31.25,0.4703,0
211.75,3:31.75,0.4694,0
212.25,3:32.25,0.468,0
212.75,3:32.75,0.4667,0
213.25,3:33.25,0.4672,0
213.75,3:33.75,0.4686,0
214.25,3:34.25,0.4668,0
214.75,3:34.75,0.4674,0
215.25,3:35.25,0.4676,0
215.75,3:35.75,0.4679,0
216.25,3:36.25,0.467,0
216.75,3:36.75,0.4661,0
217.25,3:37.25,0.4642,0
217.75,3:37.75,0.4694,0
218.25,3:38.25,0.4665,0
218.75,3:38.75,0.4649,0
219.25,3:39.25,0.4668,0
219.75,3:39.75,0.4683,0
220.25,3:40.25,0.4676,0
220.75,3:40.75,0.4672,0
221.25,3:41.25,0.4658,0
221.75,3:41.75,0.4678,0
222.25,3:42.25,0.4664,0
222.75,3:42.75,0.4647,0
223.25,3:43.25,0.4669,0
223.75,3:43.75,0.4677,0
224.25,3:44.25,0.4665,0
224.75,3:44.75,0.4651,0
225.25,3:45.25,0.4625,0
225.75,3:45.75,0.4649,0
226.25,3:46.25,0.4649,0
226.75,3:46.75,0.4652,0
227.25,3:47.25,0.4669,0
227.75,3:47.75,0.4676,0
228.25,3:48.25,0.4676,0
228.75,3:48.75,0.4675,0
229.25,3:49.25,0.4683,0
229.75,3:49.75,0.4699,0
230.25,3:50.25,0.4679,0
230.75,3:50.75,0.4701,0
231.25,3:51.25,0.4708,0
231.75,3:51.75,0.4661,0
232.25,3:52.25,0.4662,0
232.75,3:52.75,0.4683,0
233.25,3:53.25,0.4685,0
233.75,3:53.75,0.4676,0
234.25,3:54.25,0.4682,0
234.75,3:54.75,0.4658,0
235.25,3:55.25,0.4666,0
235.75,3:55.75,0.4671,0
236.25,3:56.25,0.4663,0
236.75,3:56.75,0.4668,0
237.25,3:57.25,0.4679,0
237.75,3:57.75,0.4674,0
238.25,3:58.25,0.4643,0
238.75,3:58.75,0.4667,0
239.25,3:59.25,0.4684,0
239.75,3:59.75,0.4677,0
240.25,4:00.25,0.4664,0
240.75,4:00.75,0.4701,0
241.25,4:01.25,0.4679,0
241.75,4:01.75,0.469,0
242.25,4:02.25,0.4658,0
242.75,4:02.75,0.4671,0
243.25,4:03.25,0.4673,0
243.75,4:03.75,0.4683,0
244.25,4:04.25,0.4667,0
244.75,4:04.75,0.4684,0
245.25,4:05.25,0.4684,0
245.75,4:05.75,0.4644,0
246.25,4:06.25,0.4647,0
246.75,4:06.75,0.4642,0
247.25,4:07.25,0.468,0
247.75,4:07.75,0.4667,0
248.25,4:08.25,0.4665,0
248.75,4:08.75,0.4665,0
249.25,4:09.25,0.4659,0
249.75,4:09.75,0.4647,0
250.25,4:10.25,0.4667,0
250.75,4:10.75,0.4663,0
251.25,4:11.25,0.4645,0
251.75,4:11.75,0.4638,0
252.25,4:12.25,0.4654,0
252.75,4:12.75,0.4673,0
253.25,4:13.25,0.467,0
253.75,4:13.75,0.4658,0
254.25,4:14.25,0.465,0
254.75,4:14.75,0.4652,0
255.25,4:15.25,0.4675,0
255.75,4:15.75,0.4667,0
256.25,4:16.25,0.4655,0
256.75,4:16.75,0.4654,0
257.25,4:17.25,0.4691,0
257.75,4:17.75,0.4657,0
258.25,4:18.25,0.4643,0
258.75,4:18.75,0.4661,0
259.25,4:19.25,0.4655,0
259.75,4:19.75,0.4646,0
260.25,4:20.25,0.4655,0
260.75,4:20.75,0.4662,0
261.25,4:21.25,0.4659,0
261.75,4:21.75,0.4651,0
262.25,4:22.25,0.4665,0
262.75,4:22.75,0.4656,0
263.25,4:23.25,0.4648,0
263.75,4:23.75,0.4642,0
264.25,4:24.25,0.4645,0
264.75,4:24.75,0.4663,0
265.25,4:25.25,0.4678,0
265.75,4:25.75,0.4658,0
266.25,4:26.25,0.4625,0
266.75,4:26.75,0.4682,0
267.25,4:27.25,0.4668,0
267.75,4:27.75,0.4659,0
268.25,4:28.25,0.4687,0
268.75,4:28.75,0.4656,0
269.25,4:29.25,0.4697,0
269.75,4:29.75,0.4701,0
270.25,4:30.25,0.4695,0
270.75,4:30.75,0.4688,0
271.25,4:31.25,0.4674,0
271.75,4:31.75,0.4678,0
272.25,4:32.25,0.4696,0
272.75,4:32.75,0.4682,0
273.25,4:33.25,0.4683,0
273.75,4:33.75,0.4659,0
274.25,4:34.25,0.4683,0
274.75,4:34.75,0.4689,0
275.25,4:35.25,0.4683,0
275.75,4:35.75,0.4696,0
276.25,4:36.25,0.4689,0
276.75,4:36.75,0.4645,0
277.25,4:37.25,0.4658,0
277.75,4:37.75,0.4643,0
278.25,4:38.25,0.4641,0
278.75,4:38.75,0.4673,0
279.25,4:39.25,0.4666,0
279.75,4:39.75,0.4676,0
280.25,4:40.25,0.4654,0
280.75,4:40.75,0.4659,0
281.25,4:41.25,0.4699,0
281.75,4:41.75,0.469,0
282.25,4:42.25,0.4676,0
282.75,4:42.75,0.4681,0
283.25,4:43.25,0.4651,0
283.75,4:43.75,0.4673,0
284.25,4:44.25,0.4678,0
284.75,4:44.75,0.4674,0
285.25,4:45.25,0.4684,0
285.75,4:45.75,0.4672,0
286.25,4:46.25,0.4679,0
286.75,4:46.75,0.469,0
287.25,4:47.25,0.4677,0
287.75,4:47.75,0.4667,0
288.25,4:48.25,0.4693,0
288.75,4:48.75,0.4673,0
289.25,4:49.25,0.4705,0
289.75,4:49.75,0.4694,0
290.25,4:50.25,0.4699,0
290.75,4:50.75,0.4679,0
291.25,4:51.25,0.4679,0
291.75,4:51.75,0.4679,0
292.25,4:52.25,0.4687,0
292.75,4:52.75,0.47,0
293.25,4:53.25,0.4712,0
293.75,4:53.75,0.4693,0
294.25,4:54.25,0.4713,0
294.75,4:54.75,0.4688,0
295.25,4:55.25,0.4656,0
295.75,4:55.75,0.4682,0
296.25,4:56.25,0.47,0
296.75,4:56.75,0.4688,0
297.25,4:57.25,0.4672,0
297.75,4:57.75,0.4681,0
298.25,4:58.25,0.4678,0
298.75,4:58.75,0.4666,0
299.25,4:59.25,0.4664,0
299.75,4:59.75,0.4674,0
300.25,5:00.25,0.4677,0
300.75,5:00.75,0.4687,0
301.25,5:01.25,0.4706,0
301.75,5:01.75,0.4697,0
302.25,5:02.25,0.4664,0
302.75,5:02.75,0.466,0
303.25,5:03.25,0.4685,0
303.75,5:03.75,0.4674,0
304.25,5:04.25,0.4656,0
304.75,5:04.75,0.4631,0
305.25,5:05.25,0.4614,0
305.75,5:05.75,0.4624,0
306.25,5:06.25,0.466,0
306.75,5:06.75,0.4701,0
307.25,5:07.25,0.4699,0
307.75,5:07.75,0.4682,0
308.25,5:08.25,0.4673,0
308.75,5:08.75,0.4655,0
309.25,5:09.25,0.4663,0
309.75,5:09.75,0.4688,0
310.25,5:10.25,0.4699,0
310.75,5:10.75,0.4695,0
311.25,5:11.25,0.4699,0
311.75,5:11.75,0.4683,0
312.25,5:12.25,0.468,0
312.75,5:12.75,0.4668,0
313.25,5:13.25,0.4677,0
313.75,5:13.75,0.4676,0
314.25,5:14.25,0.469,0
314.75,5:14.75,0.4687,0
315.25,5:15.25,0.4697,0
315.75,5:15.75,0.4694,0
316.25,5:16.25,0.4672,0
316.75,5:16.75,0.4693,0
317.25,5:17.25,0.4677,0
317.75,5:17.75,0.468,0
318.25,5:18.25,0.4666,0
318.75,5:18.75,0.4672,0
319.25,5:19.25,0.4673,0
319.75,5:19.75,0.4676,0
320.25,5:20.25,0.4679,0
320.75,5:20.75,0.4652,0
321.25,5:21.25,0.4677,0
321.75,5:21.75,0.4677,0
322.25,5:22.25,0.4687,0
322.75,5:22.75,0.469,0
323.25,5:23.25,0.4688,0
323.75,5:23.75,0.4696,0
324.25,5:24.25,0.4689,0
324.75,5:24.75,0.4679,0
325.25,5:25.25,0.4688,0
325.75,5:25.75,0.4684,0
326.25,5:26.25,0.4669,0
326.75,5:26.75,0.4677,0
327.25,5:27.25,0.4673,0
327.75,5:27.75,0.4684,0
328.25,5:28.25,0.4676,0
328.75,5:28.75,0.469,0
329.25,5:29.25,0.4703,0
329.75,5:29.75,0.4699,0
330.25,5:30.25,0.4704,0
330.75,5:30.75,0.4696,0
331.25,5:31.25,0.4682,0
331.75,5:31.75,0.4675,0
332.25,5:32.25,0.4691,0
332.75,5:32.75,0.4716,0
333.25,5:33.25,0.4707,0
333.75,5:33.75,0.4667,0
334.25,5:34.25,0.4685,0
334.75,5:34.75,0.4667,0
335.25,5:35.25,0.4679,0
335.75,5:35.75,0.4688,0
336.25,5:36.25,0.4693,0
336.75,5:36.75,0.4692,0
337.25,5:37.25,0.4675,0
337.75,5:37.75,0.4682,0
338.25,5:38.25,0.4669,0
338.75,5:38.75,0.467,0
339.25,5:39.25,0.468,0
339.75,5:39.75,0.47,0
340.25,5:40.25,0.4688,0
340.75,5:40.75,0.469,0
341.25,5:41.25,0.4679,0
341.75,5:41.75,0.467,0
342.25,5:42.25,0.4638,0
342.75,5:42.75,0.4638,0
343.25,5:43.25,0.468,0
343.75,5:43.75,0.4674,0
344.25,5:44.25,0.4652,0
344.75,5:44.75,0.4641,0
345.25,5:45.25,0.4632,0
345.75,5:45.75,0.465,0
346.25,5:46.25,0.4679,0
346.75,5:46.75,0.4685,0
347.25,5:47.25,0.4651,0
347.75,5:47.75,0.4683,0
348.25,5:48.25,0.4687,0
348.75,5:48.75,0.4694,0
349.25,5:49.25,0.4687,0
349.75,5:49.75,0.4692,0
350.25,5:50.25,0.4674,0
350.75,5:50.75,0.4633,0
351.25,5:51.25,0.4617,0
351.75,5:51.75,0.4685,0
352.25,5:52.25,0.4692,0
352.75,5:52.75,0.4706,0
353.25,5:53.25,0.4709,0
353.75,5:53.75,0.4692,0
354.25,5:54.25,0.4678,0
354.75,5:54.75,0.4669,0
355.25,5:55.25,0.4654,0
355.75,5:55.75,0.4665,0
356.25,5:56.25,0.4679,0
356.75,5:56.75,0.4674,0
357.25,5:57.25,0.4672,0
357.75,5:57.75,0.4702,0
358.25,5:58.25,0.4658,0
358.75,5:58.75,0.4666,0
359.25,5:59.25,0.4683,0
359.75,5:59.75,0.4705,0
360.25,6:00.25,0.4699,0
360.75,6:00.75,0.4686,0
361.25,6:01.25,0.468,0
361.75,6:01.75,0.4691,0
362.25,6:02.25,0.4701,0
362.75,6:02.75,0.4696,0
363.25,6:03.25,0.4689,0
363.75,6:03.75,0.468,0
364.25,6:04.25,0.4689,0
364.75,6:04.75,0.4702,0
365.25,6:05.25,0.4687,0
365.75,6:05.75,0.4694,0
366.25,6:06.25,0.4673,0
366.75,6:06.75,0.4683,0
367.25,6:07.25,0.4712,0
367.75,6:07.75,0.4701,0
368.25,6:08.25,0.4679,0
368.75,6:08.75,0.4689,0
369.25,6:09.25,0.4699,0
369.75,6:09.75,0.4685,0
370.25,6:10.25,0.4684,0
370.75,6:10.75,0.4683,0
371.25,6:11.25,0.469,0
371.75,6:11.75,0.468,0
372.25,6:12.25,0.4696,0
372.75,6:12.75,0.4697,0
373.25,6:13.25,0.47,0
373.75,6:13.75,0.4687,0
374.25,6:14.25,0.464,0
374.75,6:14.75,0.4689,0
375.25,6:15.25,0.4658,0
375.75,6:15.75,0.4683,0
376.25,6:16.25,0.4673,0
376.75,6:16.75,0.4696,0
377.25,6:17.25,0.4706,0
377.75,6:17.75,0.4693,0
378.25,6:18.25,0.4683,0
378.75,6:18.75,0.4694,0
379.25,6:19.25,0.4697,0
379.75,6:19.75,0.4655,0
380.25,6:20.25,0.469,0
380.75,6:20.75,0.4679,0
381.25,6:21.25,0.4682,0
381.75,6:21.75,0.4703,0
382.25,6:22.25,0.4696,0
382.75,6:22.75,0.4677,0
383.25,6:23.25,0.4687,0
383.75,6:23.75,0.4682,0
384.25,6:24.25,0.4687,0
384.75,6:24.75,0.467,0
385.25,6:25.25,0.4692,0
385.75,6:25.75,0.4686,0
386.25,6:26.25,0.4686,0
386.75,6:26.75,0.4684,0
387.25,6:27.25,0.469,0
387.75,6:27.75,0.4696,0
388.25,6:28.25,0.4688,0
388.75,6:28.75,0.4681,0
389.25,6:29.25,0.4696,0
389.75,6:29.75,0.4686,0
390.25,6:30.25,0.468,0
390.75,6:30.75,0.4695,0
391.25,6:31.25,0.4683,0
391.75,6:31.75,0.4679,0
392.25,6:32.25,0.4692,0
392.75,6:32.75,0.4695,0
393.25,6:33.25,0.4711,0
393.75,6:33.75,0.4709,0
394.25,6:34.25,0.4671,0
394.75,6:34.75,0.4708,0
395.25,6:35.25,0.4714,0
395.75,6:35.75,0.466,0
396.25,6:36.25,0.4667,0
396.75,6:36.75,0.4682,0
397.25,6:37.25,0.469,0
397.75,6:37.75,0.4674,0
398.25,6:38.25,0.4677,0
398.75,6:38.75,0.4694,0
399.25,6:39.25,0.4689,0
399.75,6:39.75,0.4684,0
400.25,6:40.25,0.4674,0
400.75,6:40.75,0.47,0
401.25,6:41.25,0.4688,0
401.75,6:41.75,0.4676,0
402.25,6:42.25,0.467,0
402.75,6:42.75,0.4666,0
403.25,6:43.25,0.4679,0
403.75,6:43.75,0.4688,0
404.25,6:44.25,0.4685,0
404.75,6:44.75,0.4686,0
405.25,6:45.25,0.4685,0
405.75,6:45.75,0.4674,0
406.25,6:46.25,0.4681,0
406.75,6:46.75,0.4683,0
407.25,6:47.25,0.4669,0
407.75,6:47.75,0.468,0
408.25,6:48.25,0.4628,0
408.75,6:48.75,0.4639,0
409.25,6:49.25,0.4677,0
409.75,6:49.75,0.4696,0
410.25,6:50.25,0.4686,0
410.75,6:50.75,0.4685,0
411.25,6:51.25,0.4659,0
411.75,6:51.75,0.4674,0
412.25,6:52.25,0.4699,0
412.75,6:52.75,0.4678,0
413.25,6:53.25,0.4664,0
413.75,6:53.75,0.4689,0
414.25,6:54.25,0.4685,0
414.75,6:54.75,0.47,0
415.25,6:55.25,0.4703,0
415.75,6:55.75,0.4689,0
416.25,6:56.25,0.4668,0
416.75,6:56.75,0.4689,0
417.25,6:57.25,0.4693,0
417.75,6:57.75,0.4685,0
418.25,6:58.25,0.4689,0
418.75,6:58.75,0.466,0
419.25,6:59.25,0.4667,0
419.75,6:59.75,0.4683,0
420.25,7:00.25,0.4732,0
420.75,7:00.75,0.4664,0
421.25,7:01.25,0.4703,0
421.75,7:01.75,0.4701,0
422.25,7:02.25,0.4707,0
422.75,7:02.75,0.4672,0
423.25,7:03.25,0.4697,0
423.75,7:03.75,0.4686,0
424.25,7:04.25,0.4703,0
424.75,7:04.75,0.4697,0
425.25,7:05.25,0.465,0
425.75,7:05.75,0.4672,0
426.25,7:06.25,0.4668,0
426.75,7:06.75,0.4662,0
427.25,7:07.25,0.4657,0
427.75,7:07.75,0.4681,0
428.25,7:08.25,0.468,0
428.75,7:08.75,0.468,0
429.25,7:09.25,0.4665,0
429.75,7:09.75,0.4675,0
430.25,7:10.25,0.4683,0
430.75,7:10.75,0.4692,0
431.25,7:11.25,0.4707,0
431.75,7:11.75,0.4709,0
432.25,7:12.25,0.4694,0
432.75,7:12.75,0.4696,0
433.25,7:13.25,0.4671,0
433.75,7:13.75,0.4689,0
434.25,7:14.25,0.4681,0
434.75,7:14.75,0.4693,0
435.25,7:15.25,0.4686,0
435.75,7:15.75,0.4674,0
436.25,7:16.25,0.4685,0
436.75,7:16.75,0.47,0
437.25,7:17.25,0.4681,0
437.75,7:17.75,0.4662,0
438.25,7:18.25,0.4668,0
438.75,7:18.75,0.4667,0
439.25,7:19.25,0.469,0
439.75,7:19.75,0.4687,0
440.25,7:20.25,0.4686,0
440.75,7:20.75,0.4696,0
441.25,7:21.25,0.468,0
441.75,7:21.75,0.4682,0
442.25,7:22.25,0.4678,0
442.75,7:22.75,0.4689,0
443.25,7:23.25,0.4692,0
443.75,7:23.75,0.469,0
444.25,7:24.25,0.4699,0
444.75,7:24.75,0.4698,0
445.25,7:25.25,0.469,0
445.75,7:25.75,0.4643,0
446.25,7:26.25,0.4643,0
446.75,7:26.75,0.4681,0
447.25,7:27.25,0.4671,0
447.75,7:27.75,0.4693,0
448.25,7:28.25,0.4695,0
448.75,7:28.75,0.4697,0
449.25,7:29.25,0.4691,0
449.75,7:29.75,0.4676,0
450.25,7:30.25,0.4672,0
450.75,7:30.75,0.4671,0
451.25,7:31.25,0.4684,0
451.75,7:31.75,0.4677,0
452.25,7:32.25,0.4682,0
452.75,7:32.75,0.4673,0
453.25,7:33.25,0.4669,0
453.75,7:33.75,0.4686,0
454.25,7:34.25,0.4711,0
454.75,7:34.75,0.4707,0
455.25,7:35.25,0.4692,0
455.75,7:35.75,0.4681,0
456.25,7:36.25,0.4684,0
456.75,7:36.75,0.4688,0
457.25,7:37.25,0.4687,0
457.75,7:37.75,0.4695,0
458.25,7:38.25,0.4703,0
458.75,7:38.75,0.4699,0
459.25,7:39.25,0.4679,0
459.75,7:39.75,0.4692,0
460.25,7:40.25,0.4696,0
460.75,7:40.75,0.4694,0
461.25,7:41.25,0.4706,0
461.75,7:41.75,0.4693,0
462.25,7:42.25,0.4687,0
462.75,7:42.75,0.4701,0
463.25,7:43.25,0.4716,0
463.75,7:43.75,0.4709,0
464.25,7:44.25,0.4709,0
464.75,7:44.75,0.4701,0
465.25,7:45.25,0.4694,0
465.75,7:45.75,0.471,0
466.25,7:46.25,0.4676,0
466.75,7:46.75,0.4683,0
467.25,7:47.25,0.4692,0
467.75,7:47.75,0.4689,0
468.25,7:48.25,0.4667,0
468.75,7:48.75,0.4667,0
469.25,7:49.25,0.4691,0
469.75,7:49.75,0.4695,0
470.25,7:50.25,0.4693,0
470.75,7:50.75,0.4701,0
471.25,7:51.25,0.4664,0
471.75,7:51.75,0.4654,0
472.25,7:52.25,0.4677,0
472.75,7:52.75,0.4693,0
473.25,7:53.25,0.4689,0
473.75,7:53.75,0.4699,0
474.25,7:54.25,0.4684,0
474.75,7:54.75,0.4709,0
475.25,7:55.25,0.4689,0
475.75,7:55.75,0.4686,0
476.25,7:56.25,0.4688,0
476.75,7:56.75,0.4678,0
477.25,7:57.25,0.4684,0
477.75,7:57.75,0.4706,0
478.25,7:58.25,0.4662,0
478.75,7:58.75,0.466,0
479.25,7:59.25,0.468,0
479.75,7:59.75,0.4701,0
480.25,8:00.25,0.4704,0
480.75,8:00.75,0.4684,0
481.25,8:01.25,0.4692,0
481.75,8:01.75,0.4688,0
482.25,8:02.25,0.4699,0
482.75,8:02.75,0.4697,0
483.25,8:03.25,0.4716,0
483.75,8:03.75,0.4715,0
484.25,8:04.25,0.4701,0
484.75,8:04.75,0.4677,0
485.25,8:05.25,0.4697,0
485.75,8:05.75,0.4712,0
486.25,8:06.25,0.4686,0
486.75,8:06.75,0.4694,0
487.25,8:07.25,0.4687,0
487.75,8:07.75,0.469,0
488.25,8:08.25,0.4707,0
488.75,8:08.75,0.4674,0
489.25,8:09.25,0.4692,0
489.75,8:09.75,0.4685,0
490.25,8:10.25,0.4677,0
490.75,8:10.75,0.4681,0
491.25,8:11.25,0.4693,0
491.75,8:11.75,0.4684,0
492.25,8:12.25,0.4675,0
492.75,8:12.75,0.4663,0
493.25,8:13.25,0.4656,0
493.75,8:13.75,0.4674,0
494.25,8:14.25,0.4676,0
494.75,8:14.75,0.4688,0
495.25,8:15.25,0.4685,0
495.75,8:15.75,0.468,0
496.25,8:16.25,0.468,0
496.75,8:16.75,0.4674,0
497.25,8:17.25,0.4683,0
497.75,8:17.75,0.4697,0
498.25,8:18.25,0.4673,0
498.75,8:18.75,0.4691,0
499.25,8:19.25,0.4679,0
499.75,8:19.75,0.4686,0
500.25,8:20.25,0.4683,0
500.75,8:20.75,0.4686,0
501.25,8:21.25,0.4664,0
501.75,8:21.75,0.4688,0
502.25,8:22.25,0.4681,0
502.75,8:22.75,0.4711,0
503.25,8:23.25,0.4663,0
503.75,8:23.75,0.465,0
504.25,8:24.25,0.4676,0
504.75,8:24.75,0.4695,0
505.25,8:25.25,0.4675,0
505.75,8:25.75,0.4659,0
506.25,8:26.25,0.467,0
506.75,8:26.75,0.4689,0
507.25,8:27.25,0.4714,0
507.75,8:27.75,0.4694,0
508.25,8:28.25,0.4681,0
508.75,8:28.75,0.4703,0
509.25,8:29.25,0.4699,0
509.75,8:29.75,0.4675,0
510.25,8:30.25,0.4674,0
510.75,8:30.75,0.4662,0
511.25,8:31.25,0.4655,0
511.75,8:31.75,0.4676,0
512.25,8:32.25,0.4686,0
512.75,8:32.75,0.4653,0
513.25,8:33.25,0.4675,0
513.75,8:33.75,0.4691,0
514.25,8:34.25,0.4677,0
514.75,8:34.75,0.4673,0
515.25,8:35.25,0.467,0
515.75,8:35.75,0.4654,0
516.25,8:36.25,0.4657,0
516.75,8:36.75,0.4642,0
517.25,8:37.25,0.4639,0
517.75,8:37.75,0.4652,0
518.25,8:38.25,0.4695,0
518.75,8:38.75,0.4685,0
519.25,8:39.25,0.4678,0
519.75,8:39.75,0.47,0
520.25,8:40.25,0.4692,0
520.75,8:40.75,0.4687,0
521.25,8:41.25,0.4669,0
521.75,8:41.75,0.4674,0
522.25,8:42.25,0.4692,0
522.75,8:42.75,0.471,0
523.25,8:43.25,0.4695,0
523.75,8:43.75,0.4679,0
524.25,8:44.25,0.4683,0
524.75,8:44.75,0.4692,0
525.25,8:45.25,0.4666,0
525.75,8:45.75,0.4642,0
526.25,8:46.25,0.4658,0
526.75,8:46.75,0.4662,0
527.25,8:47.25,0.4677,0
527.75,8:47.75,0.4691,0
528.25,8:48.25,0.4686,0
528.75,8:48.75,0.4668,0
529.25,8:49.25,0.4679,0
529.75,8:49.75,0.4672,0
530.25,8:50.25,0.4674,0
530.75,8:50.75,0.4676,0
531.25,8:51.25,0.47,0
531.75,8:51.75,0.4699,0
532.25,8:52.25,0.4677,0
532.75,8:52.75,0.4666,0
533.25,8:53.25,0.4658,0
533.75,8:53.75,0.4668,0
534.25,8:54.25,0.4678,0
534.75,8:54.75,0.4658,0
535.25,8:55.25,0.467,0
535.75,8:55.75,0.4659,0
536.25,8:56.25,0.4664,0
536.75,8:56.75,0.4675,0
537.25,8:57.25,0.4671,0
537.75,8:57.75,0.4675,0
538.25,8:58.25,0.4696,0
538.75,8:58.75,0.4691,0
539.25,8:59.25,0.4665,0
539.75,8:59.75,0.467,0
540.25,9:00.25,0.4668,0
540.75,9:00.75,0.4669,0
541.25,9:01.25,0.4664,0
541.75,9:01.75,0.4674,0
542.25,9:02.25,0.4672,0
542.75,9:02.75,0.4675,0
543.25,9:03.25,0.4677,0
543.75,9:03.75,0.4676,0
544.25,9:04.25,0.4676,0
544.75,9:04.75,0.4649,0
545.25,9:05.25,0.469,0
545.75,9:05.75,0.4696,0
546.25,9:06.25,0.468,0
546.75,9:06.75,0.4669,0
547.25,9:07.25,0.466,0
547.75,9:07.75,0.4681,0
548.25,9:08.25,0.4694,0
548.75,9:08.75,0.4675,0
549.25,9:09.25,0.4675,0
549.75,9:09.75,0.4676,0
550.25,9:10.25,0.47,0
550.75,9:10.75,0.4688,0
551.25,9:11.25,0.4656,0
551.75,9:11.75,0.4655,0
552.25,9:12.25,0.4671,0
552.75,9:12.75,0.4678,0
553.25,9:13.25,0.4714,0
553.75,9:13.75,0.4673,0
554.25,9:14.25,0.4701,0
554.75,9:14.75,0.4706,0
555.25,9:15.25,0.4668,0
555.75,9:15.75,0.4688,0
556.25,9:16.25,0.469,0
556.75,9:16.75,0.4689,0
557.25,9:17.25,0.4673,0
557.75,9:17.75,0.4722,0
558.25,9:18.25,0.4726,0
558.75,9:18.75,0.4694,0
559.25,9:19.25,0.4701,0
559.75,9:19.75,0.4704,0
560.25,9:20.25,0.4689,0
560.75,9:20.75,0.4686,0
561.25,9:21.25,0.4678,0
561.75,9:21.75,0.4662,0
562.25,9:22.25,0.4718,0
562.75,9:22.75,0.4722,0
563.25,9:23.25,0.4706,0
563.75,9:23.75,0.4692,0
564.25,9:24.25,0.4683,0
564.75,9:24.75,0.4675,0
565.25,9:25.25,0.4673,0
565.75,9:25.75,0.4659,0
566.25,9:26.25,0.4681,0
566.75,9:26.75,0.4694,0
567.25,9:27.25,0.469,0
567.75,9:27.75,0.4705,0
568.25,9:28.25,0.4699,0
568.75,9:28.75,0.4684,0
569.25,9:29.25,0.4687,0
569.75,9:29.75,0.4676,0
570.25,9:30.25,0.4644,0
570.75,9:30.75,0.4696,0
571.25,9:31.25,0.4699,0
571.75,9:31.75,0.4692,0
572.25,9:32.25,0.4656,0
572.75,9:32.75,0.4667,0
573.25,9:33.25,0.4693,0
573.75,9:33.75,0.4696,0
574.25,9:34.25,0.4697,0
574.75,9:34.75,0.4703,0
575.25,9:35.25,0.4692,0
575.75,9:35.75,0.4698,0
576.25,9:36.25,0.4695,0
576.75,9:36.75,0.4694,0
577.25,9:37.25,0.4661,0
577.75,9:37.75,0.4662,0
578.25,9:38.25,0.467,0
578.75,9:38.75,0.4662,0
579.25,9:39.25,0.4647,0
579.75,9:39.75,0.4664,0
580.25,9:40.25,0.4677,0
580.75,9:40.75,0.4692,0
581.25,9:41.25,0.4691,0
581.75,9:41.75,0.4675,0
582.25,9:42.25,0.4663,0
582.75,9:42.75,0.4686,0
583.25,9:43.25,0.4684,0
583.75,9:43.75,0.4692,0
584.25,9:44.25,0.4667,0
584.75,9:44.75,0.468,0
585.25,9:45.25,0.4682,0
585.75,9:45.75,0.4689,0
586.25,9:46.25,0.4702,0
586.75,9:46.75,0.4692,0
587.25,9:47.25,0.4676,0
587.75,9:47.75,0.4663,0
588.25,9:48.25,0.4654,0
588.75,9:48.75,0.4688,0
589.25,9:49.25,0.4672,0
589.75,9:49.75,0.4689,0
590.25,9:50.25,0.4699,0
590.75,9:50.75,0.468,0
591.25,9:51.25,0.4664,0
591.75,9:51.75,0.4675,0
592.25,9:52.25,0.4665,0
592.75,9:52.75,0.4666,0
593.25,9:53.25,0.4687,0
593.75,9:53.75,0.4689,0
594.25,9:54.25,0.4687,0
594.75,9:54.75,0.4663,0
595.25,9:55.25,0.4677,0
595.75,9:55.75,0.4692,0
596.25,9:56.25,0.4689,0
596.75,9:56.75,0.471,0
597.25,9:57.25,0.4692,0
597.75,9:57.75,0.467,0
598.25,9:58.25,0.4672,0
598.75,9:58.75,0.4686,0
599.25,9:59.25,0.4664,0
599.75,9:59.75,0.464,0
600.25,10:00.25,0.4649,0
600.75,10:00.75,0.4664,0
601.25,10:01.25,0.4682,0
601.75,10:01.75,0.4656,0
602.25,10:02.25,0.4686,0
602.75,10:02.75,0.4732,0
603.25,10:03.25,0.4707,0
603.75,10:03.75,0.4658,0
604.25,10:04.25,0.4681,0
604.75,10:04.75,0.4696,0
605.25,10:05.25,0.4679,0
605.75,10:05.75,0.4668,0
606.25,10:06.25,0.4683,0
606.75,10:06.75,0.469,0
607.25,10:07.25,0.4682,0
607.75,10:07.75,0.4688,0
608.25,10:08.25,0.4662,0
608.75,10:08.75,0.4674,0
609.25,10:09.25,0.469,0
609.75,10:09.75,0.4676,0
610.25,10:10.25,0.4688,0
610.75,10:10.75,0.4683,0
611.25,10:11.25,0.47,0
611.75,10:11.75,0.4694,0
612.25,10:12.25,0.4657,0
612.75,10:12.75,0.469,0
613.25,10:13.25,0.469,0
613.75,10:13.75,0.4674,0
614.25,10:14.25,0.4703,0
614.75,10:14.75,0.4698,0
615.25,10:15.25,0.4682,0
615.75,10:15.75,0.4677,0
616.25,10:16.25,0.4689,0
616.75,10:16.75,0.4703,0
617.25,10:17.25,0.4707,0
617.75,10:17.75,0.4675,0
618.25,10:18.25,0.468,0
618.75,10:18.75,0.4678,0
619.25,10:19.25,0.4692,0
619.75,10:19.75,0.4695,0
620.25,10:20.25,0.4685,0
620.75,10:20.75,0.4698,0
621.25,10:21.25,0.4696,0
621.75,10:21.75,0.4701,0
622.25,10:22.25,0.467,0
622.75,10:22.75,0.4698,0
623.25,10:23.25,0.4704,0
623.75,10:23.75,0.4664,0
624.25,10:24.25,0.4692,0
624.75,10:24.75,0.4686,0
625.25,10:25.25,0.4674,0
625.75,10:25.75,0.4662,0
626.25,10:26.25,0.4677,0
626.75,10:26.75,0.4687,0
627.25,10:27.25,0.4672,0
627.75,10:27.75,0.4686,0
628.25,10:28.25,0.4694,0
628.75,10:28.75,0.4694,0
629.25,10:29.25,0.4666,0
629.75,10:29.75,0.4668,0
630.25,10:30.25,0.4681,0
630.75,10:30.75,0.4659,0
631.25,10:31.25,0.4648,0
631.75,10:31.75,0.4668,0
632.25,10:32.25,0.4684,0
632.75,10:32.75,0.4679,0
633.25,10:33.25,0.4695,0
633.75,10:33.75,0.4685,0
634.25,10:34.25,0.4663,0
634.75,10:34.75,0.4684,0
635.25,10:35.25,0.469,0
635.75,10:35.75,0.468,0
636.25,10:36.25,0.4666,0
636.75,10:36.75,0.4661,0
637.25,10:37.25,0.4669,0
637.75,10:37.75,0.4682,0
638.25,10:38.25,0.4663,0
638.75,10:38.75,0.4683,0
639.25,10:39.25,0.4696,0
639.75,10:39.75,0.4669,0
640.25,10:40.25,0.4651,0
640.75,10:40.75,0.4685,0
641.25,10:41.25,0.4671,0
641.75,10:41.75,0.4667,0
642.25,10:42.25,0.4677,0
642.75,10:42.75,0.4673,0
643.25,10:43.25,0.4689,0
643.75,10:43.75,0.47,0
644.25,10:44.25,0.4697,0
644.75,10:44.75,0.4681,0
645.25,10:45.25,0.469,0
645.75,10:45.75,0.4683,0
646.25,10:46.25,0.4687,0
646.75,10:46.75,0.4672,0
647.25,10:47.25,0.4692,0
647.75,10:47.75,0.4691,0
648.25,10:48.25,0.4693,0
648.75,10:48.75,0.4687,0
649.25,10:49.25,0.468,0
649.75,10:49.75,0.4667,0
650.25,10:50.25,0.4677,0
650.75,10:50.75,0.4685,0
651.25,10:51.25,0.4682,0
651.75,10:51.75,0.4663,0
652.25,10:52.25,0.4707,0
652.75,10:52.75,0.4667,0
653.25,10:53.25,0.469,0
653.75,10:53.75,0.4695,0
654.25,10:54.25,0.4674,0
654.75,10:54.75,0.4667,0
655.25,10:55.25,0.4689,0
655.75,10:55.75,0.4667,0
656.25,10:56.25,0.4662,0
656.75,10:56.75,0.4654,0
657.25,10:57.25,0.4684,0
657.75,10:57.75,0.4685,0
658.25,10:58.25,0.4685,0
658.75,10:58.75,0.4699,0
659.25,10:59.25,0.4688,0
659.75,10:59.75,0.4675,0
660.25,11:00.25,0.4687,0
660.75,11:00.75,0.4669,0
661.25,11:01.25,0.4683,0
661.75,11:01.75,0.471,0
662.25,11:02.25,0.4697,0
662.75,11:02.75,0.4695,0
663.25,11:03.25,0.4702,0
663.75,11:03.75,0.4707,0
664.25,11:04.25,0.4699,0
664.75,11:04.75,0.47,0
665.25,11:05.25,0.4684,0
665.75,11:05.75,0.4673,0
666.25,11:06.25,0.4664,0
666.75,11:06.75,0.4682,0
667.25,11:07.25,0.4676,0
667.75,11:07.75,0.4699,0
668.25,11:08.25,0.4691,0
668.75,11:08.75,0.4685,0
669.25,11:09.25,0.4693,0
669.75,11:09.75,0.4689,0
670.25,11:10.25,0.4685,0
670.75,11:10.75,0.4678,0
671.25,11:11.25,0.4673,0
671.75,11:11.75,0.4674,0
672.25,11:12.25,0.4689,0
672.75,11:12.75,0.4693,0
673.25,11:13.25,0.468,0
673.75,11:13.75,0.4689,0
674.25,11:14.25,0.4668,0
674.75,11:14.75,0.4692,0
675.25,11:15.25,0.4701,0
675.75,11:15.75,0.4686,0
676.25,11:16.25,0.4676,0
676.75,11:16.75,0.466,0
677.25,11:17.25,0.4664,0
677.75,11:17.75,0.4685,0
678.25,11:18.25,0.4693,0
678.75,11:18.75,0.4706,0
679.25,11:19.25,0.4695,0
679.75,11:19.75,0.4689,0
680.25,11:20.25,0.469,0
680.75,11:20.75,0.4679,0
681.25,11:21.25,0.4671,0
681.75,11:21.75,0.465,0
682.25,11:22.25,0.4663,0
682.75,11:22.75,0.471,0
683.25,11:23.25,0.4703,0
683.75,11:23.75,0.4672,0
684.25,11:24.25,0.4682,0
684.75,11:24.75,0.4684,0
685.25,11:25.25,0.469,0
685.75,11:25.75,0.4688,0
686.25,11:26.25,0.4674,0
686.75,11:26.75,0.4684,0
687.25,11:27.25,0.4689,0
687.75,11:27.75,0.4692,0
688.25,11:28.25,0.4693,0
688.75,11:28.75,0.4696,0
689.25,11:29.25,0.4701,0
689.75,11:29.75,0.4688,0
690.25,11:30.25,0.47,0
690.75,11:30.75,0.4706,0
691.25,11:31.25,0.4689,0
691.75,11:31.75,0.4701,0
692.25,11:32.25,0.4695,0
692.75,11:32.75,0.4691,0
693.25,11:33.25,0.4674,0
693.75,11:33.75,0.4672,0
694.25,11:34.25,0.4659,0
694.75,11:34.75,0.4676,0
695.25,11:35.25,0.4659,0
695.75,11:35.75,0.4644,0
696.25,11:36.25,0.4682,0
696.75,11:36.75,0.4662,0
697.25,11:37.25,0.4651,0
697.75,11:37.75,0.4666,0
698.25,11:38.25,0.4685,0
698.75,11:38.75,0.4677,0
699.25,11:39.25,0.4685,0
699.75,11:39.75,0.4695,0
700.25,11:40.25,0.4677,0
700.75,11:40.75,0.4658,0
701.25,11:41.25,0.4672,0
701.75,11:41.75,0.4684,0
702.25,11:42.25,0.4672,0
702.75,11:42.75,0.467,0
703.25,11:43.25,0.4678,0
703.75,11:43.75,0.4675,0
704.25,11:44.25,0.4677,0
704.75,11:44.75,0.4688,0
705.25,11:45.25,0.4687,0
705.75,11:45.75,0.4678,0
706.25,11:46.25,0.4674,0
706.75,11:46.75,0.4667,0
707.25,11:47.25,0.467,0
707.75,11:47.75,0.4682,0
708.25,11:48.25,0.4666,0
708.75,11:48.75,0.4647,0
709.25,11:49.25,0.4672,0
709.75,11:49.75,0.4692,0
710.25,11:50.25,0.4736,0
710.75,11:50.75,0.4714,0
711.25,11:51.25,0.4704,0
711.75,11:51.75,0.4684,0
712.25,11:52.25,0.4683,0
712.75,11:52.75,0.4682,0
713.25,11:53.25,0.468,0
713.75,11:53.75,0.466,0
714.25,11:54.25,0.467,0
714.75,11:54.75,0.4667,0
715.25,11:55.25,0.4663,0
715.75,11:55.75,0.4686,0
716.25,11:56.25,0.468,0
716.75,11:56.75,0.4683,0
717.25,11:57.25,0.4691,0
717.75,11:57.75,0.4692,0
718.25,11:58.25,0.4684,0
718.75,11:58.75,0.4685,0
719.25,11:59.25,0.4664,0
719.75,11:59.75,0.4682,0
720.25,12:00.25,0.4692,0
720.75,12:00.75,0.4672,0
721.25,12:01.25,0.4674,0
721.75,12:01.75,0.4674,0
722.25,12:02.25,0.4635,0
722.75,12:02.75,0.4696,0
723.25,12:03.25,0.4685,0
723.75,12:03.75,0.4636,0
724.25,12:04.25,0.4638,0
724.75,12:04.75,0.4652,0
725.25,12:05.25,0.468,0
725.75,12:05.75,0.4696,0
726.25,12:06.25,0.4684,0
726.75,12:06.75,0.4679,0
727.25,12:07.25,0.4695,0
727.75,12:07.75,0.469,0
728.25,12:08.25,0.4692,0
728.75,12:08.75,0.4699,0
729.25,12:09.25,0.469,0
729.75,12:09.75,0.4677,0
730.25,12:10.25,0.4702,0
730.75,12:10.75,0.4687,0
731.25,12:11.25,0.4676,0
731.75,12:11.75,0.4681,0
732.25,12:12.25,0.4692,0
732.75,12:12.75,0.471,0
733.25,12:13.25,0.4694,0
733.75,12:13.75,0.4694,0
734.25,12:14.25,0.4698,0
734.75,12:14.75,0.4691,0
735.25,12:15.25,0.467,0
735.75,12:15.75,0.466,0
736.25,12:16.25,0.4686,0
736.75,12:16.75,0.4701,0
737.25,12:17.25,0.4714,0
737.75,12:17.75,0.4693,0
738.25,12:18.25,0.4682,0
738.75,12:18.75,0.4682,0
739.25,12:19.25,0.4692,0
739.75,12:19.75,0.4695,0
740.25,12:20.25,0.4696,0
740.75,12:20.75,0.4701,0
741.25,12:21.25,0.4694,0
741.75,12:21.75,0.4697,0
742.25,12:22.25,0.4692,0
742.75,12:22.75,0.4703,0
743.25,12:23.25,0.4705,0
743.75,12:23.75,0.4694,0
744.25,12:24.25,0.4695,0
744.75,12:24.75,0.4694,0
745.25,12:25.25,0.4693,0
745.75,12:25.75,0.4715,0
746.25,12:26.25,0.4706,0
746.75,12:26.75,0.4645,0
747.25,12:27.25,0.4687,0
747.75,12:27.75,0.4692,0
748.25,12:28.25,0.4692,0
748.75,12:28.75,0.4697,0
749.25,12:29.25,0.4698,0
749.75,12:29.75,0.4659,0
750.25,12:30.25,0.4678,0
750.75,12:30.75,0.4678,0
751.25,12:31.25,0.4686,0
751.75,12:31.75,0.4687,0
752.25,12:32.25,0.4687,0
752.75,12:32.75,0.4668,0
753.25,12:33.25,0.4682,0
753.75,12:33.75,0.4674,0
754.25,12:34.25,0.4666,0
754.75,12:34.75,0.4668,0
755.25,12:35.25,0.4691,0
755.75,12:35.75,0.467,0
756.25,12:36.25,0.4667,0
756.75,12:36.75,0.4711,0
757.25,12:37.25,0.4698,0
757.75,12:37.75,0.4679,0
758.25,12:38.25,0.4659,0
758.75,12:38.75,0.4644,0
759.25,12:39.25,0.4667,0
759.75,12:39.75,0.4694,0
760.25,12:40.25,0.4684,0
760.75,12:40.75,0.4685,0
761.25,12:41.25,0.4694,0
761.75,12:41.75,0.47,0
762.25,12:42.25,0.4663,0
762.75,12:42.75,0.4662,0
763.25,12:43.25,0.4649,0
763.75,12:43.75,0.4678,0
764.25,12:44.25,0.4683,0
764.75,12:44.75,0.4692,0
765.25,12:45.25,0.4669,0
765.75,12:45.75,0.4693,0
766.25,12:46.25,0.4721,0
766.75,12:46.75,0.4706,0
767.25,12:47.25,0.4675,0
767.75,12:47.75,0.4661,0
768.25,12:48.25,0.4707,0
768.75,12:48.75,0.471,0
769.25,12:49.25,0.4653,0
769.75,12:49.75,0.4655,0
770.25,12:50.25,0.4702,0
770.75,12:50.75,0.4703,0
771.25,12:51.25,0.47,0
771.75,12:51.75,0.4698,0
772.25,12:52.25,0.4687,0
772.75,12:52.75,0.4706,0
773.25,12:53.25,0.4704,0
773.75,12:53.75,0.4707,0
774.25,12:54.25,0.4706,0
774.75,12:54.75,0.4681,0
775.25,12:55.25,0.4688,0
775.75,12:55.75,0.4693,0
776.25,12:56.25,0.4694,0
776.75,12:56.75,0.4686,0
777.25,12:57.25,0.4681,0
777.75,12:57.75,0.4654,0
778.25,12:58.25,0.4718,0
778.75,12:58.75,0.474,0
779.25,12:59.25,0.4696,0
779.75,12:59.75,0.4709,0
780.25,13:00.25,0.4694,0
780.75,13:00.75,0.4704,0
781.25,13:01.25,0.4704,0
781.75,13:01.75,0.47,0
782.25,13:02.25,0.4687,0
782.75,13:02.75,0.4686,0
783.25,13:03.25,0.468,0
783.75,13:03.75,0.4673,0
784.25,13:04.25,0.4666,0
784.75,13:04.75,0.4658,0
785.25,13:05.25,0.4664,0
785.75,13:05.75,0.47,0
786.25,13:06.25,0.4702,0
786.75,13:06.75,0.4699,0
787.25,13:07.25,0.4672,0
787.75,13:07.75,0.4679,0
788.25,13:08.25,0.4697,0
788.75,13:08.75,0.4695,0
789.25,13:09.25,0.4697,0
789.75,13:09.75,0.4676,0
790.25,13:10.25,0.4702,0
790.75,13:10.75,0.4703,0
791.25,13:11.25,0.4686,0
791.75,13:11.75,0.4658,0
792.25,13:12.25,0.4666,0
792.75,13:12.75,0.4665,0
793.25,13:13.25,0.4666,0
793.75,13:13.75,0.4691,0
794.25,13:14.25,0.4693,0
794.75,13:14.75,0.4684,0
795.25,13:15.25,0.4684,0
795.75,13:15.75,0.4698,0
796.25,13:16.25,0.4667,0
796.75,13:16.75,0.4624,0
797.25,13:17.25,0.4616,0
797.75,13:17.75,0.4642,0
798.25,13:18.25,0.4638,0
798.75,13:18.75,0.467,0
799.25,13:19.25,0.4685,0
799.75,13:19.75,0.4681,0
800.25,13:20.25,0.4666,0
800.75,13:20.75,0.467,0
801.25,13:21.25,0.4697,0
801.75,13:21.75,0.4676,0
802.25,13:22.25,0.4687,0
802.75,13:22.75,0.4646,0
803.25,13:23.25,0.4692,0
803.75,13:23.75,0.4687,0
804.25,13:24.25,0.4689,0
804.75,13:24.75,0.4685,0
805.25,13:25.25,0.4687,0
805.75,13:25.75,0.4666,0
806.25,13:26.25,0.4665,0
806.75,13:26.75,0.467,0
807.25,13:27.25,0.4685,0
807.75,13:27.75,0.4721,0
808.25,13:28.25,0.4732,0
808.75,13:28.75,0.4706,0
809.25,13:29.25,0.469,0
809.75,13:29.75,0.4681,0
810.25,13:30.25,0.4668,0
810.75,13:30.75,0.4672,0
811.25,13:31.25,0.4688,0
811.75,13:31.75,0.4681,0
812.25,13:32.25,0.4683,0
812.75,13:32.75,0.4695,0
813.25,13:33.25,0.4697,0
813.75,13:33.75,0.4693,0
814.25,13:34.25,0.4678,0
814.75,13:34.75,0.4705,0
815.25,13:35.25,0.4704,0
815.75,13:35.75,0.4711,0
816.25,13:36.25,0.4665,0
816.75,13:36.75,0.4637,0
817.25,13:37.25,0.465,0
817.75,13:37.75,0.4674,0
818.25,13:38.25,0.4671,0
818.75,13:38.75,0.4686,0
819.25,13:39.25,0.468,0
819.75,13:39.75,0.4663,0
820.25,13:40.25,0.4684,0
820.75,13:40.75,0.4683,0
821.25,13:41.25,0.4685,0
821.75,13:41.75,0.4711,0
822.25,13:42.25,0.4707,0
822.75,13:42.75,0.4683,0
823.25,13:43.25,0.4689,0
823.75,13:43.75,0.4654,0
824.25,13:44.25,0.4703,0
824.75,13:44.75,0.4676,0
825.25,13:45.25,0.4701,0
825.75,13:45.75,0.4667,0
826.25,13:46.25,0.4681,0
826.75,13:46.75,0.4683,0
827.25,13:47.25,0.4675,0
827.75,13:47.75,0.4602,0
828.25,13:48.25,0.4401,0
828.75,13:48.75,0.4391,0
829.25,13:49.25,0.4621,0
829.75,13:49.75,0.3142,0
830.25,13:50.25,0.3478,0
830.75,13:50.75,0.4698,0
831.25,13:51.25,0.467,0
831.75,13:51.75,0.4678,0
832.25,13:52.25,0.4639,0
832.75,13:52.75,0.3487,0
